{
    "Version": "2012-10-17",
       "Statement": [
         {
           "Effect": "Allow",
           "Action": [
             "s3:GetObject",
             "s3:ListBucket"
           ],
           "Resource": [
             "{S3-Bucket ARN}/*",
             "{S3-Bucket ARN}"
           ]
         },
         {
           "Effect": "Allow",
           "Action": [
             "dynamodb:PutItem",
             "dynamodb:BatchWriteItem"
           ],
           "Resource": "{DynamoDB ARN}"
         }
       ]
}
